{"cameraMode":{"drawMode":0,"name":"Shaded","section":"Shading Mode"},"sceneLighting":true,"audioPlay":false,"sceneViewState":{"showFog":true,"showMaterialUpdate":false,"showSkybox":true,"showFlares":true,"showImageEffects":true,"showParticleSystems":true,"showVisualEffectGraphs":true,"m_FxEnabled":true},"in2DMode":false,"pivot":{"x":0.6717483401298523,"y":0.8290730118751526,"z":-0.48889949917793276},"rotation":{"x":-0.012706880457699299,"y":0.9411228895187378,"z":-0.0356009267270565,"w":-0.3359665870666504},"size":3.704868793487549,"orthographic":false}