{"cameraMode":{"drawMode":0,"name":"Shaded","section":"Shading Mode"},"sceneLighting":true,"audioPlay":false,"sceneViewState":{"showFog":true,"showMaterialUpdate":false,"showSkybox":true,"showFlares":true,"showImageEffects":true,"showParticleSystems":true,"showVisualEffectGraphs":true,"m_FxEnabled":true},"in2DMode":false,"pivot":{"x":-5.590916156768799,"y":0.35120460391044619,"z":-3.9295125007629396},"rotation":{"x":-0.008198967203497887,"y":0.9712581634521484,"z":-0.03382306545972824,"w":-0.23550574481487275},"size":5.5439252853393559,"orthographic":false}